{" ": 17.142857142857142, "\u041e": 10.793650793650794, "\u0422": 7.301587301587302, "\u0415": 6.031746031746032, "\u0410": 4.761904761904762, "\u041d": 4.761904761904762, "\u0418": 4.444444444444445, "\u041c": 4.444444444444445, "\u0421": 4.1269841269841265, "\u0412": 3.492063492063492, "\u0419": 2.857142857142857, "\u042f": 2.5396825396825395, "\u0420": 2.5396825396825395, "\u041f": 2.5396825396825395, "\u0427": 1.9047619047619049, "\u0423": 1.9047619047619049, "\u042e": 1.9047619047619049, "\u0411": 1.9047619047619049, "\u041a": 1.9047619047619049, "\u041b": 1.5873015873015872, "\u0414": 1.5873015873015872, "\u0417": 1.2698412698412698, "\u042c": 1.2698412698412698, "\u0425": 1.2698412698412698, "\u042b": 1.2698412698412698, "\u0413": 1.2698412698412698, "\u042d": 0.9523809523809524, "1": 0.6349206349206349, "\u0416": 0.31746031746031744, "2": 0.31746031746031744, ".": 0.31746031746031744, "\u0428": 0.31746031746031744, "\u0424": 0.31746031746031744}